date,text,ticker,label,score
2023-07-15,Apocalypse is priced into Hotel REITs at the dawn of their golden age... I‚Äôm leveraged to the tits üå∞üå∞,S&P,negative,-0.675
2023-07-15,$coin possible to go further?,S&P,negative,-0.224
2023-07-15,$HOOD YOLO UPDATE,HOOD,negative,-0.5
2023-07-15,FML!!!,S&P,negative,-0.95
2023-07-15,Back to breaking even,S&P,negative,0.0
2023-07-15,Nikola (NKLA) comeback,NKLA,positive,0.643
2023-07-15,PayPal is the next crypto sympathy play.,S&P,positive,0.458
2023-07-16,"What Are Your Moves Tomorrow, July 17, 2023",S&P,neutral,0.0
2023-07-16,Cybertruck spotted in the wild‚Ä¶loading calls,S&P,positive,0.438
2023-07-16,You don't f with the m,S&P,negative,-0.75
2023-07-16,NVDA short proof. Will continue to short,NVDA,negative,-0.778
2023-07-16,"Global stocks have gained $3.3tn in market cap this week All stocks are now worth $108.8tn, which equals 108% of global GDP.",S&P,positive,0.5
2023-07-16,Free awards for everyone for all smooth brain regardless,S&P,negative,-0.789
2023-07-16,Should have bought Nasdaq,S&P,positive,0.727
2023-07-16,Isaac Newton was one of us,S&P,positive,0.25
2023-07-16,NVDA long game win and out! My third and final exit.,NVDA,positive,0.6
2023-07-16,Those shrooms hitting,S&P,positive,0.83
2023-07-16,"The Impending Cybertruck Disappointment: High Cost, Low Range",S&P,negative,-0.721
2023-07-16,Looks like it‚Äôs time to go all in on $TSLA calls! Cybertruck is finally coming.,TSLA,positive,0.625
2023-07-16,Investors Are Bailing on Cathie Wood‚Äôs Popular ARK Fund,S&P,negative,-1.0
2023-07-16,Tesla bears when they see Cybertrucks for the first time,S&P,negative,-0.875
2023-07-16,Bears Checking Their Ports Monday Morning ü§°üêªüè≥Ô∏è‚Äçüåà,S&P,positive,0.366
2023-07-16,"All in on calls, forever. üêª r fuck",S&P,negative,-1.0
2023-07-16,Can modern medicine explain WHY DO I DO THIS!,S&P,negative,-0.25
2023-07-16,Start ‚Äòem young,S&P,positive,0.4
2023-07-16,AI-related stocks drove virtually all of the S&P 500 returns in 2023 - is AI hype just a bubble?,S&P,negative,-0.2
2023-07-16,How to become a capitalist?,S&P,neutral,0.0
2023-07-16,Missouri Marijuana Sales Reach $3million Per Day,S&P,positive,0.836
2023-07-16,"The hype surrounding AI stocks is undeniable, as evidenced by the accompanying graph.",S&P,positive,0.782
2023-07-16,AI is bullshit and a scam,S&P,negative,-1.0
2023-07-16,What's the sentiment towards TSLA Earning?,TSLA,error,2.0
2023-07-16,The AI narrative is just getting started,S&P,positive,0.3
2023-07-16,R401k YOLO into TSLA! (Holding),TSLA,positive,0.154
2023-07-16,Last minute appeal to block $69 billion Microsoft-Activision deal is blocked,S&P,negative,-0.25
2023-07-16,Based on a True Story,S&P,positive,0.5
2023-07-16,Fuck your Disney calls,S&P,negative,-0.9
2023-07-16,Negg. Good action last couple days.,S&P,positive,0.2
2023-07-16,Has the Stock Market Helped or Hurt you?,S&P,neutral,0.0
2023-07-16,TSLA bears on Monday,TSLA,negative,-1.0
2023-07-16,7 Year Streak of SPY Closing Higher in July Versus June - Mid Month Update,S&P,positive,0.682
2023-07-16,Bears earlier this year,S&P,neutral,0.0
2023-07-16,NVDA / TSLA / QQQ ???,"NVDA, TSLA",neutral,0.0
2023-07-16,What's wrong with this trading strategy?,S&P,negative,-0.467
2023-07-16,"The long-awaited rebound in investment banking has yet to materialize, making for a disappointing quarter.",S&P,negative,-0.349
2023-07-16,SAFE Banking has Confirmed Support of 9 Republican Senators to Overcome Filibuster,SAFE,positive,0.563
2023-07-16,Calls on Target and Dollar General.,S&P,Neutral,0.0
2023-07-16,Economic Strength and Recessions,S&P,positive,0.154
2023-07-16,Simufilam Reduces Decline in Alzheimer's by up to 98% (SAVA),SAVA,positive,0.982
2023-07-17,"Daily Discussion Thread for July 17, 2023",S&P,neutral,0.0
2023-07-17,Wayfair DD -Aggregation from Discord and Elsewhere,DD,positive,0.316
2023-07-17,First Cybertruck production exiting Gigatexas. Thoughts?,S&P,neutral,0.0
2023-07-17,16 k in 5 mins,S&P,positive,0.625
2023-07-17,$125k PayPal YOLO,S&P,negative,-0.3
2023-07-17,"Bears this is a warning, this is your future if you don‚Äôt change your ways",S&P,negative,-0.769
2023-07-17,WSB self help book,S&P,positive,0.4
2023-07-17,TSLA fanbois rn,TSLA,negative,-0.5
2023-07-17,"Warren urges SEC to investigate Tesla over Twitter ties, corporate governance ‚Äî CNBC",S&P,negative,-0.425
2023-07-17,A fight erupts in U.S. housing market as deteriorated affordability clashes with the 'lock-in effect',S&P,negative,-0.485
2023-07-17,Well I‚Äôm back to even,S&P,positive,0.0
2023-07-17,I‚Äôve been trading since 2016. 7 years in the making and these are my results ü•≤,S&P,positive,0.2
2023-07-17,$90k Loss Porn,S&P,negative,-0.9
2023-07-17,July 17 - Long term CVNA holdings,CVNA,positive,0.5
2023-07-17,Billionaires and corporate execs have dumped $9 billion worth of stock this year amid the market's latest rally,S&P,negative,-0.691
2023-07-17,Me when people tell me to stop gambling on stonks,S&P,negative,-0.646
2023-07-17,$UPS Put go BRRR,UPS,negative,-0.2
2023-07-17,Buying into the greed,S&P,negative,-0.114
2023-07-17,"China reports second-quarter GDP miss, another record high in youth unemployment",S&P,negative,-0.8
2023-07-17,Crash imminent ü§°üêª,S&P,negative,-0.5
2023-07-17,Hypothesis that the Fed can set interest rates based on the movements of the planet Mars,S&P,negative,-0.85
2023-07-17,"Bought SPY puts, it's time to buy calls.",S&P,positive,0.5
2023-07-17,This Meme Brought to You by AI,S&P,positive,0.429
2023-07-17,$CVNA 20K FD | Switching to Puts | Volume Decreasing | 35.00 Strike,CVNA,negative,-0.239
2023-07-17,Shorting NVDA for $50K,NVDA,negative,-1.0
2023-07-17,Virgin Galactic - Virgin Galactic Broadens Access to Space with First Private Astronaut Mission ‚ÄòGalactic 02‚Äô,S&P,positive,0.678
2023-07-17,Loggee into an old 401k I forgot about. This is run by 'Professional Regards' wtf?,S&P,negative,-0.7
2023-07-17,$tsla yolo for earnings,S&P,positive,0.5
2023-07-17,50K HOOD YOLO - This is $15 EOW,HOOD,negative,-0.1
2023-07-17,Let‚Äôs hope the bulls can keep it going. Loaded up Friday. Yolo !!!!,S&P,positive,0.429
2023-07-17,Wall st,S&P,neutral,0.0
2023-07-17,AI is investing in itself,S&P,positive,0.3
2023-07-17,Why Robinhood?,S&P,neutral,0.0
2023-07-17,I will post as gain rtx yolo up date,S&P,positive,0.0
2023-07-17,"$MAT Mattel: Barbie, old dog new tricks. [Barbie movie discussion]",MAT,positive,0.0
2023-07-17,BRICS timebomb,S&P,negative,-0.65
2023-07-17,Are the Cruise Lines back? NCLH RCL CCL,"CCL, NCLH, RCL",neutral,0.0
2023-07-17,Was over in u/ daytraders...hopium,S&P,negative,-0.357
2023-07-17,"[OC] Chart from 17.07.2023 showing sentiment of ""China's Economy"" (green) in 3,110,486 financial news articles. Blue=USDCNY. Tradervoice.io",OC,positive,0.0
2023-07-17,Come back szn pt 2 but this time I‚Äôll actually become a millionaire,S&P,positive,0.1
2023-07-17,RIVN will not survive,RIVN,negative,-0.5
2023-07-17,UAP Disclosure Act of 2023,S&P,neutral,0.0
2023-07-17,When you make your first profit,S&P,positive,0.55
2023-07-17,MARA or RIOT LEAPS and why?,"MARA, RIOT",neutral,0.0
2023-07-17,Cup and handle forming - see you at 7$,S&P,positive,0.3
2023-07-17,NVIDIA: The Turbocharged Unicorn of Investments! üöÄü¶Ñ,S&P,positive,0.79
2023-07-17,Fiserv?,S&P,neutral,0.0
2023-07-17,MAT Mattel is going to crush earnings,MAT,positive,0.455
2023-07-17,DIS is actually short for Disgusting,DIS,negative,-1.0
2023-07-18,"Daily Discussion Thread for July 18, 2023",S&P,positive,0.0
2023-07-18,"Damn, how do they do it?",S&P,negative,-0.4
2023-07-18,How do I buy calls on VisualBot?,S&P,neutral,0.0
2023-07-18,Chinese real estate giant Evergrande records staggering losses of $81 billion over the course of the last 2 years - ProfessPost,S&P,negative,-0.982
2023-07-18,JPOW will be remembered as a hero who crushed inflation and saved the stock market,S&P,positive,0.833
2023-07-18,I'm never buying Spy Puts ever again,S&P,negative,-0.769
2023-07-18,"RKLB is üöÄ after a great launch mission yesterday! Up $8,000 so far.",RKLB,positive,0.875
2023-07-18,"Bank of America's profits jump 19% on strong Wall Street showing, Strength of US Consumers",S&P,positive,0.683
2023-07-18,Bought calls at open spy,S&P,positive,0.15
2023-07-18,105k PYPL YOLO. YOU DONT KNOW ME SON!,"PYPL, SON",negative,-0.5
2023-07-18,"In other words: ""Damn these accounting standards, if it wasn't for them I'd value my Twitter holding at $500bln (or some other silly value)""",S&P,negative,-0.613
2023-07-18,"Robinhood's new news service (Sherwood) calls WSB cool, untrustworthy in pitch deck.",S&P,negative,-0.571
2023-07-18,"Gonna miss my rent and credit card payments, what‚Äôs the next play",S&P,negative,-0.5
2023-07-18,I Didn't buy calls on MSFT$ like I posted about yesterday üò≠üò≠üò≠,MSFT,negative,-0.9
2023-07-18,"Thanks for the Tweet tip Satya, 900% return on $MSFT weeklies",MSFT,positive,0.667
2023-07-18,TSLA is overvalued and should go down so I bought calls,TSLA,negative,-0.625
2023-07-18,Bullish on üá®üá≥,S&P,positive,1.0
2023-07-18,The AI trading journey begins. Throwing $3k into automated trading strategies. Will I eat a bag of dicks? Roast me if you must,S&P,negative,-0.616
2023-07-18,Tesla directors pay $735 mln to settle lawsuit over excess compensation,S&P,negative,-0.752
2023-07-18,What is dead cannot die,S&P,positive,0.0
2023-07-18,Ol‚Äô Yellen,S&P,positive,0.5
2023-07-18,I am the Bull Flag,S&P,positive,0.5
2023-07-18,68% of fund managers believe in Soft landing.,S&P,positive,0.68
2023-07-18,Cashed out pre-earnings for 3x gain. Position: 10x $TSLA 300 Strike price LEAPS,TSLA,positive,0.25
2023-07-18,$50k Cloudflare PUT YOLO Update,S&P,negative,-0.7
2023-07-18,Thanks $MSFT - Knew you‚Äôd come back for me üòõ,MSFT,positive,0.8
2023-07-18,Who else is trading $COIN for some coin?,COIN,positive,0.0
2023-07-18,$CVNA | Heavy Put Losses (~75%) | Switched to Calls | ~34K FD YOLO | 44.00 Calls,CVNA,positive,0.8
2023-07-18,Am I crazy or is BUD going to get completely destroyed on their August earnings report?,BUD,negative,-0.909
2023-07-18,$10K position on TQQQ options,S&P,positive,0.2
2023-07-18,$RKLB launch successful,RKLB,positive,0.8
2023-07-18,"Fuck the haters, NEGG is my $250,000 play within the month! YOU WILL REMEMBER WHEN YOU CALLED ME REGARDED!!!",NEGG,negative,-0.95
2023-07-18,Netflix stock hits 17-month high as analysts forecast ‚Äòcompetitive advantage‚Äô from Hollywood strike,S&P,positive,0.487
2023-07-18,Goldman Sachs cuts probability of US recession in next 12 months,S&P,positive,0.321
2023-07-18,$TSLA inverse...?,TSLA,negative,-0.5
2023-07-18,They are self aware. It's over for us.,S&P,negative,-0.438
2023-07-18,"History never repeats itself, but it does often rhyme",S&P,positive,0.286
2023-07-18,PayPal YOLO,S&P,positive,0.5
2023-07-18,NUCLEAR CARS LET'SSS GOOOOOOOO,CARS,positive,0.722
2023-07-18,Does $CVNA keep pushing? 14% TODAY!,CVNA,positive,0.867
2023-07-18,The Government Is Quietly Suing Its Way To Broader Powers Over Traders,S&P,negative,-0.166
2023-07-18,"What Are Your Moves Tomorrow, July 18, 2023",S&P,neutral,0.0
2023-07-18,$40k PLTR CALLS YOLO,PLTR,negative,-0.95
2023-07-18,$NOW is closing on it‚Äôs ATH,S&P,positive,0.726
2023-07-18,PYPL leaps hype train all aboard,PYPL,positive,0.319
2023-07-18,The upcoming NASDAQ100 Rebalance,S&P,neutral,0.0
2023-07-18,Elon said FSD is in the bag EOY üçÜ üí¶ aka by 2040‚Ä¶ maybe,S&P,positive,0.378
2023-07-18,Will Zim continue going down the drain?,S&P,negative,-0.644
2023-07-18,Disney $100+ EOY! Loaded up!,S&P,positive,0.64
2023-07-18,Why should I buy a car when we have UFOs?,S&P,negative,-0.2
2023-07-18,Are $NVDA and $META as good as they seem?,"META, NVDA",negative,-0.125
2023-07-18,Do I hold through earnings?,S&P,Neutral,0.0
2023-07-18,Thinking to inverse Wayfair puts into calls,S&P,positive,0.301
2023-07-18,Disney,S&P,positive,0.571
2023-07-18,Still Relevant (Repost),S&P,positive,0.2
2023-07-18,Quick Question about Leveraged Stocks,S&P,positive,0.161
2023-07-18,Anyone else gonna buy Mattel?,S&P,negative,-0.1
2023-07-18,Thank you tesla and rivian,S&P,positive,0.688
2023-07-18,"ALCC - Sam Altmans SPAC, Oklo a micro nuclear reactor startup. - This thing is radioactive (Don't touch it)",S&P,negative,-0.928
2023-07-18,PYPL: Next technical levels (chart),PYPL,neutral,0.0
2023-07-18,Nel ASA: Second quarter 2023 financial results,S&P,neutral,0.0
2023-07-18,This is gonna hurt,S&P,negative,-0.478
2023-07-18,Topped up on $Bud puts last week,S&P,negative,-0.1
2023-07-18,"MSFT$ has a AI showcase tomorrow, is it already priced in?",MSFT,neutral,0.0
2023-07-18,Easy money available shorting CVM,S&P,negative,-0.7
2023-07-18,Is it smart to buy an ATM LEAP call for SQQQ or UVIX?,S&P,neutral,0.0
2023-07-18,"$TSM is extremely undervalued and overlooked, especially with AI",TSM,positive,0.784
2023-07-18,Gain using long term leap strategy,S&P,positive,0.552
2023-07-18,Is it (QuantumScape $QS) in?,QS,neutral,0.0
2023-07-18,Nasdaq and QQQ Moving Averages.,S&P,neutral,0.0
2023-07-18,How the SAFE Banking Act Affects the Emerging and Rapidly,SAFE,Neutral,0.0
2023-07-18,PLTR YOLO Update. Holding for 50-100. Palantir is the most important company in the world right now.,PLTR,positive,0.682
2023-07-18,SAVE merger play,S&P,positive,0.539
2023-07-19,"Daily Discussion Thread for July 19, 2023",S&P,neutral,0.0
2023-07-19,"December buys CVNA $182k to $2,500,000",CVNA,positive,0.868
2023-07-19,RIP to CVNA puts and shorts,CVNA,negative,-0.45
2023-07-19,"80 CVNA $59 calls, 7/21. Average price of $0.09, sold for $2.40 right at open.",CVNA,positive,0.636
2023-07-19,Cramer: Recession Cancelled!,S&P,positive,0.975
2023-07-19,TSLA Before & After Earnings Today,TSLA,neutral,0.0
2023-07-19,I Have Succesfully Predicted 42.0 Of The Last 2 Market Crashes,S&P,positive,0.583
2023-07-19,Honest WSB,S&P,positive,0.0
2023-07-19,Anyone knows what happened to $AAPL rn?,AAPL,neutral,0.0
2023-07-19,New robinhood features allows you to see how big of a loser you are üò≠,S&P,negative,-0.845
2023-07-19,Apple finally figured out which letter comes after A...,S&P,positive,0.5
2023-07-19,Bears rn,S&P,negative,-0.5
2023-07-19,"RIP to my puts, I guess ‚Äúdumb money‚Äù wins. Best I can hope for now is an investigation into how they cook the books by next week‚Ä¶.",S&P,negative,-0.842
2023-07-19,Get rekt üêª,S&P,negative,-0.938
2023-07-19,Hodl,S&P,positive,0.0
2023-07-19,26k gain 20 mins (50%) cvna,S&P,positive,0.5
2023-07-19,CVNA bears today,CVNA,negative,-0.8
2023-07-19,Stonk only go up - next stop 100!,S&P,positive,0.75
2023-07-19,$UPST ‚ÄúWhat does Upstart do?‚Äù,UPST,positive,0.0
2023-07-19,Here is a visual aid to help you better understand Carvanas upcoming earnings call. ü´°,S&P,positive,0.758
2023-07-19,Now a 99.8% chance of rate hike next week. Get your $SPY calls ready!,S&P,positive,0.325
2023-07-19,WE ARE HOLDING 320 EOW,S&P,negative,0.0
2023-07-19,Logic has left the chat,S&P,negative,-1.0
2023-07-19,$CVNA $20K Loss on Naked Calls,CVNA,negative,-1.0
2023-07-19,Tomorrow It Begins...,S&P,positive,0.5
2023-07-19,"5% is not bad, right guys?",S&P,positive,0.25
2023-07-19,RKLB gain porn,RKLB,negative,-0.5
2023-07-19,Anyone just waiting for a dip to happen or is it just me?,S&P,negative,-0.455
2023-07-19,I have successfully predicted the next three months:,S&P,neutral,0.0
2023-07-19,Apple is building its own ChatGPT,S&P,positive,0.25
2023-07-19,Is $LCID headed for another squeeze?,LCID,negative,-0.091
2023-07-19,Heard we were posting loss porn. Can you tell when I activated options trading?,S&P,negative,-0.667
2023-07-19,Thanks $MSFT,MSFT,positive,0.519
2023-07-19,Loss porn & yolo on life saving / IRA / 401k,S&P,negative,-1.0
2023-07-19,Every TSMC investors worst nightmare,S&P,negative,-1.0
2023-07-19,Thx tim,S&P,positive,0.5
2023-07-19,$CVNA Moving Up Results 2 Weeks to Tomorrow Morning,CVNA,positive,0.375
2023-07-19,Netflix removes cheapest ad-free plan after launching new ad-supported tier,S&P,negative,-0.28
2023-07-19,Should I be worried about Tesla earnings tomorrow? Will this be discussed on the call?,S&P,negative,-0.15
2023-07-19,Are we in a late-stage bubble on software/big tech like Feb/March 2000?,S&P,negative,-0.338
2023-07-19,Insane risky RTX play,RTX,negative,-0.643
2023-07-19,"To Sail Forbidden Seas, $HOOD - Q2/23 ER Guess",HOOD,neutral,0.0
2023-07-19,My bags feeling lighter already,S&P,positive,0.462
2023-07-19,Still haven't learned,S&P,negative,-0.291
2023-07-19,Bad call guys next call (Shorted NVDA and Pepsi <- prior),NVDA,negative,-0.571
2023-07-19,Everyone talking about CVNA but what about ATT? 8% jump today what gives?,CVNA,positive,0.125
2023-07-19,The Best Trades Show a Profit from the Start - 40K $HOOD YOLO,HOOD,positive,0.571
2023-07-19,What happens to stocks if this AI hype turns out to be a big fart?,S&P,negative,-0.576
2023-07-19,AAPL and our Future Sino-Asian Overlords,AAPL,positive,0.2
2023-07-19,All in on lead covered cables!,S&P,positive,0.4
2023-07-19,185k pypl yolo,S&P,positive,0.0
2023-07-19,$CVNA YOLO ~54K FD | Earnings Moved Up From Aug 3rd | Thoughts,CVNA,positive,0.314
2023-07-19,Does Cathie Wood need a summer intern?,S&P,neutral,0.0
2023-07-19,Found this at school found it appropriate for the guy using his rent money. Calls on Christianity,S&P,positive,0.478
2023-07-19,Market these days,S&P,neutral,0.0
2023-07-19,CVNA moving earnings up to 7/19,CVNA,Neutral,0.0
2023-07-19,Want advice from you regards please,S&P,error,2.0
2023-07-19,"What Are Your Moves Tomorrow, July 19, 2023",S&P,neutral,0.0
2023-07-19,UPS Stock and the price,UPS,error,2.0
2023-07-19,RTX pattern again,RTX,neutral,0.0
2023-07-19,Lucid (LCID) EVs are available for lease for the first time in Saudi Arabia. Possible short squeeze? $LCID,LCID,positive,0.536
2023-07-19,Apple preps Ajax Generative AI to compete with ChatGPT & Google,S&P,positive,0.231
2023-07-19,Bought up COIN when it was $45 - $70 and got a small gain,COIN,positive,0.229
2023-07-19,"""Threads Usage Drops By Half From Initial Surge"" - Calls on Meta, I guess!",S&P,positive,0.5
2023-07-19,Spy is pulling back time to dump gains on crypto bro!,S&P,negative,-0.643
2023-07-19,Long PE - $BX going to be your new landlord / credit lord / pimp for the next 10 years,BX,positive,0.237
2023-07-19,Puts on India? - Most outsourced coders in India will be gone in 2 years due to AI,S&P,negative,-0.45
2023-07-19,LESL just gapped down. But there's more downside.,LESL,negative,-0.565
2023-07-19,$PYPL Price Target $100 by end of August,PYPL,positive,0.6
2023-07-19,UPDATE $PYPL YOLO üíéüôåüöÄ,PYPL,positive,0.598
2023-07-19,Carvana Slides After Moving Up Earnings Date Without Warning,S&P,negative,-0.267
2023-07-19,Thoughts and Opinions on CLBR,S&P,negative,-0.012
2023-07-19,Just updating the group on my carvana puts. How do they make you feel? ü©∏,S&P,negative,-0.25
2023-07-19,1000 spy put 451p 7/19,S&P,neutral,0.0
2023-07-19,Update on my TSLA calls ü´°,TSLA,positive,0.294
2023-07-19,TESLA All In,S&P,positive,0.6
2023-07-19,Oh we are so back,S&P,negative,-0.6
2023-07-19,LETS GO TSLA,TSLA,positive,0.5
2023-07-19,The Verge: Apple is testing an AI chatbot but has no idea what to do with it,S&P,negative,-0.283
2023-07-19,Covid 19 disabling your workforce and tanking your earning season,S&P,negative,-0.867
2023-07-19,"First 3mo of Options Trading, 10X on a unit-based sports betting approach, assuming I'm leaving some cash on the table.",S&P,positive,0.14
2023-07-19,UNH Yolo. 47k in gains so far,UNH,positive,0.62
2023-07-19,PLTR & RKLB Before August ER?,"PLTR, RKLB",neutral,0.0
2023-07-19,Thank you üè≥Ô∏è‚Äçüåàüêª,S&P,positive,0.783
2023-07-19,Will the Writer's Strike and SAG-Aftra Strike have a notable implication on the jobless claims and unemployment levels?,S&P,neutral,0.0
2023-07-19,Gain porn,S&P,negative,-0.9
2023-07-20,"Daily Discussion Thread for July 20, 2023",S&P,positive,0.0
2023-07-20,Did we learn the difference yet?,S&P,neutral,0.0
2023-07-20,"Trade smart, not hard",S&P,positive,0.5
2023-07-20,"""How low can yah go!! how low can yah go!!"" -Me bag holder.",S&P,negative,-0.75
2023-07-20,The Babylon Bee gets it,S&P,positive,0.5
2023-07-20,Netflix You Guys Are Fucking Idiots,S&P,negative,-1.0
2023-07-20,"Musk, Tesla board to return $735M after being sued for overpaying themselves",S&P,Negative,-0.7
2023-07-20,Oh TSLA what have you done‚Ä¶,TSLA,negative,-1.0
2023-07-20,$TSLA Bulls Screamed GrEeN DaY after I called for $270 into ER.. and look where Tesla Went. Regarded DD wins again,"DD, TSLA",positive,0.864
2023-07-20,Blast from the AI Past,S&P,positive,0.322
2023-07-20,Cava puts,S&P,positive,0.296
2023-07-20,"Tesla may keep cutting prices in 'turbulent times', Musk says",S&P,positive,0.222
2023-07-20,Rtx yolo i got out alive and with money,S&P,positive,0.516
2023-07-20,If my brokerage account can speak,S&P,neutral,0.0
2023-07-20,Carvana spins lower after S&P warns debt deal could be tantamount to default,S&P,negative,-0.146
2023-07-20,+$130K gains on Regional Banks. Be greedy when others are fearful!,S&P,positive,0.679
2023-07-20,The best investment strategy rn,S&P,positive,0.6
2023-07-20,Shorting Cathie Wood‚Äôs ARKK with my life savings.,S&P,negative,-0.25
2023-07-20,Doggo discovers Cramer,S&P,positive,0.2
2023-07-20,$CVNA 6X Gains | 54K ---> 396K | $342K Profit | 6 Bagger,CVNA,positive,0.938
2023-07-20,7/21 $272.5 TSLA CALLS,TSLA,positive,0.0
2023-07-20,See ya later boys...,S&P,positive,0.0
2023-07-20,Sigh. Who's the regard that bought a big call on $TSLA at 3:59pm EST yesterday?,TSLA,negative,-0.333
2023-07-20,The stock market is rigged,S&P,negative,-0.505
2023-07-20,$SNAP $10p 8/30 for Earnings Next Week,SNAP,negative,-0.487
2023-07-20,Carvana W,S&P,negative,-0.25
2023-07-20,I love when I stay true to my strategy üí™üèΩ,S&P,positive,0.895
2023-07-20,TSLA 1DTE Call Holders before and after earnings,TSLA,neutral,0.0
2023-07-20,So I was just listening to the entirety of the TSLA earnings call...,TSLA,positive,0.068
2023-07-20,$AMPX Power to Your Portfolio üî•,AMPX,positive,0.6
2023-07-20,üìâ,S&P,negative,-1.0
2023-07-20,QQQ Holders Next Week,S&P,positive,0.234
2023-07-20,"What Are Your Moves Tomorrow, July 20, 2023",S&P,neutral,0.0
2023-07-20,Trying to time the TSLA dip‚Ä¶,TSLA,positive,0.3
2023-07-20,Blackstone Reaches $1 Trillion in AUM,S&P,positive,0.571
2023-07-20,"Tesla stock drops on margin concerns, Musk warning on Q3 production",S&P,negative,-0.123
2023-07-20,Am I doing this right?,S&P,positive,0.333
2023-07-20,$TSLA $300 -> $270 MINIMUM.. Cybertruck Production is about to COOK THIS STOCK,"COOK, TSLA",negative,-0.8
2023-07-20,The exact state of your $TSLA calls 9:30AM.,TSLA,Neutral,0.0
2023-07-20,$GNRC 20k yolo,GNRC,negative,0.0
2023-07-20,First Ever Honest Federal Reserve Meeting - Meeting Notes,S&P,neutral,0.0
2023-07-20,Tesla‚Äôs profits have increased despite implementing price cuts,S&P,positive,0.589
2023-07-20,TSM earnings call,TSM,neutral,0.0
2023-07-20,It‚Äôs okay guys‚Ä¶I can make it back,S&P,positive,0.5
2023-07-20,Perma-bulls and perma-bears getting their epiphany (colorized),S&P,positive,0.371
2023-07-20,So with both ASML and TSM(C) earnings/calls complete how do we feel for the future of AI/semi-conductor chips sentiment?,"ASML, TSM",positive,0.286
2023-07-20,Michael Burry on Pac West Bank:,S&P,error,2.0
2023-07-20,META Megaphone Update - Posted 4 Months Ago,META,positive,0.0
2023-07-20,This should do alright?,S&P,positive,0.486
2023-07-20,Mattel to the moon?,S&P,positive,0.0
2023-07-20,Question about the new Fed quick exchange.,S&P,neutral,0.0
2023-07-20,Time to short Aerospace/Lockheed,S&P,negative,-0.545
2023-07-20,$CVNA -> $100+ Price Soon or Shadow Realm,CVNA,negative,-0.75
2023-07-20,It make no sense,S&P,negative,-1.0
2023-07-20,XOM for a win,XOM,positive,0.5
2023-07-20,I am confident that Target and Dollar General (calls) are free money.,S&P,positive,0.75
2023-07-20,And so the 1929 crash begins. ( 78.6% fib+ Vana charm fade+ Max PE 20&E230 + -ve correlation +Inverted yield curve+ D. spiral +Lag effects ),S&P,negative,-0.2
2023-07-20,CVNA recent debt exchange. Discussion of details.,CVNA,neutral,0.0
2023-07-21,"Daily Discussion Thread for July 21, 2023",S&P,neutral,0.0
2023-07-21,"Most Anticipated Earnings Releases for the week beginning July 24th, 2023",S&P,positive,0.5
2023-07-21,WARNING: Options gambling may royally fuck up you life!,S&P,negative,-0.999
2023-07-21,When you meet with prime minister of Luxembourg and you show up in sweat pants - calls on google,S&P,negative,-0.2
2023-07-21,Fucking legend,S&P,positive,1.0
2023-07-21,Autist in the wild,S&P,negative,-0.4
2023-07-21,stock price = earnings call listeners x number of times AI mentioned,S&P,neutral,0.0
2023-07-21,My life since joining this sub,S&P,positive,0.5
2023-07-21,one red day and bears are like,S&P,negative,-0.5
2023-07-21,"Elon said ARK invest is ""the best"" at analysis.",S&P,positive,0.9
2023-07-21,The number of Americans who say they were rejected for a loan reaches highest rate in 5 years,S&P,negative,-0.55
2023-07-21,TSLA Calls vanquished my last hope. Had $1k 24 hours ago,TSLA,negative,-0.875
2023-07-21,I thought it was a myth.,S&P,negative,0.0
2023-07-21,Lost a lot of money on $TSLA recently‚Ä¶ so I‚Äôm a gay bear üåà now,TSLA,negative,-0.5
2023-07-21,Enron Share Certificate. Bought for 95 cents just a few days before the bankruptcy. üòÄ,S&P,positive,0.739
2023-07-21,$CVNA 0DTE ~$15K FD Yolo | 42.00 PUT Play | 400 Contracts,CVNA,negative,-0.2
2023-07-21,Satellite radio rocks,S&P,positive,0.75
2023-07-21,Why is no one talking about Upstart? üëÄ,S&P,positive,0.46
2023-07-21,HOOD calls for $13.5k,HOOD,positive,0.122
2023-07-21,$75k YOLO on Spy Calls for tomorrow,S&P,negative,-0.185
2023-07-21,"What Are Your Moves Tomorrow, July 21, 2023",S&P,neutral,0.0
2023-07-21,Inflation Going Back Up,S&P,negative,-0.632
2023-07-21,Is TSLA going to repeat history,TSLA,neutral,0.0
2023-07-21,Tsla Yolo,S&P,positive,0.5
2023-07-21,Microsoft CEO Satya Nadella is the World‚Äôs Newest Tech Billionaire,S&P,positive,0.302
2023-07-21,Recession end 2023/early 2024,S&P,positive,0.434
2023-07-21,Is anyone following the Apellis story?,S&P,neutral,0.0
2023-07-21,STX.L - Shield Therapeutics (UK Aim Market) SHIEF:US:OTC US,STX,neutral,0.0
2023-07-21,Olaplex - OLPX thesis,OLPX,positive,0.0
2023-07-21,Small $SPY and $XLF YOLO for next week... in Jpow we trust,S&P,positive,0.76
2023-07-21,Tesla CEO Elon Musk: 'We're using a lot of Nvidia hardware',S&P,positive,0.214
2023-07-21,Lucid is the next Tesla,S&P,positive,0.75
2023-07-21,Im back? Kinda lol,S&P,positive,0.312
2023-07-21,Does this mean all of the short Hedgefund positions are underwater?,S&P,negative,-0.3
2023-07-21,My SPY idiocy has no limits!,S&P,negative,-1.0
2023-07-21,"Federal Reserve announces that its new system for instant payments, the FedNow¬Æ Service, is now live",S&P,positive,0.875
2023-07-21,I should have sold at 298,S&P,negative,-0.4
2023-07-21,"With Tesla reporting record deliveries and revenue, is Rivian undervalued?",S&P,positive,0.214
2023-07-21,Will the nasdaq special rebalancing next Monday negatively impact the Big 7?,S&P,negative,-0.058
2023-07-21,Yolo into regional banks and rdfn. Time to get greedy?,S&P,negative,-0.1
2023-07-21,Upcoming QQQ rebalance,S&P,neutral,0.0
2023-07-21,HOOD Updates PDT Policy,HOOD,negative,0.0
2023-07-21,30% port into $SNAP Earnings / 2024 Puts - I havn't used this app since I was like 15,SNAP,negative,-0.25
2023-07-21,Massive Box Office Weekend Incoming $AMC $WBD Barbie FTW!,"AMC, WBD",positive,0.429
2023-07-21,"$KTOS to partner with shield AI, stock seeing steady rise and I believe it will hit $15 in next few days",KTOS,positive,0.875
2023-07-21,U.S. leading indicators point to recession starting soon - Reuters,S&P,negative,-0.8
2023-07-21,Think Wintrust is safe from the commercial real estate bomb?,S&P,negative,-0.35
2023-07-21,Pt. 2 The Most Memeable Stock Ever - $SPHR (MSG Sphere),SPHR,positive,0.0
2023-07-26,"What Are Your Moves Tomorrow, July 26, 2023",S&P,neutral,0.0
2023-07-26,Chad Money: Earnings Season,S&P,positive,0.0
2023-07-26,Dish and Amazon deal 100% happening,S&P,positive,0.5
2023-07-26,"Supposed to use this as a $50k down payment on a house, already paid the non-refundable deposit‚Ä¶ Does this qualify as a YOLO?",S&P,negative,-0.476
2023-07-26,Breaking: Jay Powell Pre-FOMC press conference,S&P,negative,-0.263
2023-07-26,Loss porn,S&P,negative,-0.502
2023-07-26,How to gain 5x with MSFT Earnings tonight,MSFT,neutral,0.0
2023-07-26,"$30,000 bet on $MSFT earnings",MSFT,neutral,0.0
2023-07-26,Bears right now,S&P,negative,-0.652
2023-07-26,"$DISH update, news is out, stock üöÄüöÄüöÄ (Original OP)",DISH,positive,0.8
2023-07-26,Never quit,S&P,positive,0.7
2023-07-26,Robert Downey jr on Wall Street pits circa the 90s,S&P,positive,0.213
2023-07-26,NVDA gain porn,NVDA,positive,0.5
2023-07-26,"Brace yourselves, Rate hike is coming !",S&P,negative,-0.8
2023-07-26,some of us tried to tell yall $DISH,DISH,negative,-0.143
2023-07-26,Are you playing SNAP earnings today? Here's why PUTS will be a winner.,SNAP,positive,0.2
2023-07-26,Strike is called off,S&P,positive,0.6
2023-07-26,"Guys I thought FOMC meant ""Fear of Missing Calls"" I am truly regarded.",S&P,negative,-0.609
2023-07-26,PACW Puts 100k Gain,PACW,positive,0.758
2023-07-26,BANKruptcy BINGO - UPDATED PACWEST BANCORP üöÄ,S&P,negative,-0.388
2023-07-26,Follow up on $Dish play (original OP),S&P,neutral,0.0
2023-07-26,Never quit.,S&P,positive,0.0
2023-07-26,Snap plunges more than 16% after earnings report,S&P,negative,-0.16
2023-07-26,This is absolutely zero risk: Massive theta gang bet on PACW,PACW,positive,0.738
2023-07-26,Pictures say it all. Robinhood is shady AF.,S&P,negative,-0.9
2023-07-26,Guys RTX is way oversold I am all in calls at the bottom. (Not selling yet),RTX,positive,0.556
2023-07-26,Hey babe check it out I‚Äôm outperforming SPY. Oh really? Let me see the all time.,S&P,positive,0.355
2023-07-26,JPOW WILL SAVE US,S&P,positive,0.75
2023-07-26,Upstart Update: 7/25/23,S&P,neutral,0.0
2023-07-26,Blackstone will become the first private equity firm with $1 trillion in assets under management this year.,S&P,positive,0.782
2023-07-26,$UPST Upgraded!!,UPST,positive,0.5
2023-07-26,Puts on TSLA,TSLA,positive,0.465
2023-07-26,Me and all you regards holding calls on MSFTü•≥ü•≥,MSFT,positive,0.754
2023-07-26,"Daily Discussion Thread for July 25, 2023",S&P,positive,0.0
2023-07-26,"EASY MODE ACTIVATED: Quick $9,500 one-day Gainz Selling AMC CSPs",AMC,positive,0.767
2023-07-26,Spotify suffers $6 billion bloodbath amid price hikes,S&P,negative,-0.8
2023-07-26,FOMC meeting preview,S&P,neutral,0.0
2023-07-26,$SNAP ER PLAY üôèüèª,"PLAY, SNAP",positive,0.8
2023-07-26,ThE MaRkEt Is EfFiCiEnT,S&P,positive,0.286
2023-07-26,Hold or cut losses? $SPY 454 put exp 07/31,S&P,negative,-0.75
2023-07-26,PACW- a swinging game,PACW,positive,0.571
2023-07-26,How the market works,S&P,neutral,0.0
2023-07-26,I should have sold,S&P,negative,-0.5
2023-07-26,Tick Tock Debt Clock: The Rising Costs of US Treasury Interest Payments,S&P,negative,-0.5
2023-07-26,Consumer confidence hits highest level in two years,S&P,positive,0.762
2023-07-26,18 year old regard yolos 12k into dish calls at close,S&P,negative,-0.627
2023-07-26,"When VIX is 13.95 now, why taking VIX 15 put is attractive?",S&P,positive,0.204
2023-07-26,Hundreds of RTX-made jet engines recalled over metal contamination ‚Äì sending stock tumbling,RTX,negative,-0.5
2023-07-26,PYPL 500K YOLO UPDATE #1,PYPL,positive,0.312
2023-07-26,Recession my ass part 2,S&P,negative,-0.153
2023-07-26,"Disney Streaming, Entertainment (Movies), and now the Happiest Money Losing Cruise Line, on Earth.",S&P,negative,-0.714
2023-07-26,Lazy memer fixes a lazy memers meme,S&P,positive,0.4
2023-07-26,"This is what you call your guidepost to ""Higher DXY"" because of the European financial crisis that is coming.",S&P,negative,-0.688
2023-07-26,Maybe made the luckiest buy of my life. 30k in a day ($RTX),RTX,positive,0.833
2023-07-26,"$DISH ""Boost Wireless"" + $AMZN Prime will re-define the future of wireless. Huge call option buying over the past few days. üê≥üîÆ","AMZN, DISH",positive,0.382
2023-07-26,To moon and beyond üí∞üöÄüìà - r/wallstreetbets posted a net gain of $8.1M in June 2023,S&P,positive,1.0
2023-07-26,New Investment Strategy What Do You Think?,S&P,neutral,0.0
2023-07-26,Tesla stock downgraded by UBS,UBS,negative,-0.152
2023-07-26,$115k PACW Earnings Play - Ready to Get My Cheeks Spread AH Tomorrow üçëüìâ,PACW,positive,0.342
2023-07-26,Out with FAANG,S&P,negative,-0.3
2023-07-26,"What Are Your Moves Tomorrow, July 25, 2023",S&P,neutral,0.0
2023-07-26,When the word recession peaks its about 12 months later that it actually happens (the second peak),S&P,positive,0.167
2023-07-26,July 24 - Long term CVNA holdings,CVNA,neutral,0.0
2023-07-26,Teladoc Earnings on 07/25 afterhours,S&P,neutral,0.0
2023-07-26,Prominent Bear Throws In The Towel,S&P,negative,-0.5
2023-07-26,"You see how one can be so responsible when things are green, but those red days really put me back",S&P,negative,-0.2
2023-07-26,Bearish on .com?,S&P,negative,-0.5
2023-07-26,IMF: Global economy is improving but inflation is still enemy No. 1,S&P,negative,-0.3
2023-07-26,NVIDIA stock could hit $769 on ~$300 billion AI opportunity by 2027 - Mizuho By Investing.com,S&P,positive,0.355
2023-07-26,Curious about thoughts on $weat,S&P,positive,0.25
2023-07-26,Threads‚Äô user engagement plummets 70% after explosive start,S&P,negative,-0.7
2023-07-26,RTX YOLO earnings,RTX,Neutral,0.0
2023-07-26,Case Shiller (CoreLogic research) shows residential prices are up for the third Month.,S&P,positive,0.4
2023-07-26,[DD - $BROS] Dutch Bros Coffee Company,"BROS, DD",positive,0.0
2023-07-26,Student Loans and Leaps,S&P,positive,0.3
2023-07-26,Puts on SNAP ahead of earnings tomorrow?,SNAP,neutral,0.0
2023-07-26,Why $DISH could be making a huge comeback and should be given a look this week,DISH,positive,0.606
2023-07-26,What to do with this?,S&P,neutral,0.0
2023-07-26,Day Trading Edge,S&P,positive,0.125
2023-07-26,Try to guess when I discovered options.,S&P,negative,-0.25
2023-07-26,$SIRI 42K Loss | Switched to $AMC FDs For $35K Options Play @ 6.00 and 9.00 Strike,"AMC, SIRI",negative,-0.455
2023-07-26,After losing $50k I made it backüôåüèº thanks Nvidia,S&P,positive,0.933
2023-07-26,Option trading bros,S&P,positive,0.0
2023-07-26,"Daily Discussion Thread for July 24, 2023",S&P,positive,0.0
2023-07-26,‚ÄòWe Were Wrong‚Äô: Morgan Stanley‚Äôs Wilson Offers Stocks Mea Culpa,S&P,positive,0.457
2023-07-26,I'm going to monopolize Bingo at the County fair next year,S&P,negative,-0.117
2023-07-26,Beware the Two Humps,S&P,negative,-0.564
2023-07-26,Weekly PLTR YOLO Update. Holding for 50-100. Palantir is the most important company in the world right now. Adding a bunch on this dip.,PLTR,positive,0.68
2023-07-26,$DISH $AMZN DEAL?,"AMZN, DISH",positive,0.5
2023-07-26,Activision Acquisition,S&P,positive,0.5
2023-07-26,"SPX Calls, Regarded Bull",S&P,positive,0.5
2023-07-26,Shopify (SHOP): The Canadian eCommerce Giant Ready to Blast Off? üöÄüöÄüöÄ,SHOP,positive,0.675
2023-07-26,Spotify set to follow Netflix and hike subscription prices,S&P,negative,-0.185
2023-07-26,Applying basic concepts of PE and EPS over SPX.,S&P,neutral,0.0
2023-07-26,Bitcoin is up 20% since Cramer told investors to sell,S&P,negative,-0.231
2023-07-26,Recession my ass,S&P,negative,-1.0
2023-07-26,"Leaked Tesla Image Show a Cybertruck Wrapped To Look Like Ford F-150, Octavalve, & Small Frunk",S&P,negative,-0.167
2023-07-26,$SIRI | Updated $315K YOLO | 44.3K Shares + ~10K FD Options,SIRI,negative,-0.4
2023-07-27,"What Are Your Moves Tomorrow, July 28, 2023",S&P,neutral,0.0
2023-07-27,Wtf just happened,S&P,negative,-0.75
2023-07-27,Tales from a 401k Administrator,S&P,positive,0.2
2023-07-27,I found a local degenerate,S&P,negative,-0.6
2023-07-27,I win more than I lose by cashing out early. Scalped 10k in profits,S&P,positive,0.8
2023-07-27,Tesla exaggerated cars‚Äô driving range - and then cancelled appointments when drivers complained,S&P,negative,-0.497
2023-07-27,wsb regards after losing money on AMC fd‚Äôs‚Ä¶ again,AMC,negative,-0.95
2023-07-27,BULLISH...,S&P,positive,0.2
2023-07-27,"After being down overall in the bull market of 20/21, I swore off individual stock picks. I broke the rule because of the dish guy.",S&P,negative,-0.125
2023-07-27,500K PAYPAL YOLO UPDATE #2 (350K LOSS),S&P,negative,-1.0
2023-07-27,Rivian bulls who have been DCA‚Äôing since IPO,S&P,positive,0.5
2023-07-27,DISH Loss Porn.,DISH,negative,-0.9
2023-07-27,Tesla EVs are apparently overestimating range when fully charged ‚Äî on purpose,S&P,negative,-0.8
2023-07-27,I said I wanted to stop gambling. I can‚Äôt stop. 60k RTX YOLO,RTX,negative,-0.895
2023-07-27,A New Rival Emerges,S&P,positive,0.25
2023-07-27,Finally broke even after 13 months of HELL,S&P,negative,-0.833
2023-07-27,How much trouble are Disney in?,S&P,negative,-0.5
2023-07-27,Do you guys know the GREEKS and Why the DISH GUY FAILED (Don't trade options close to expiry),DISH,positive,0.429
2023-07-27,Choo chooooo Regards!,S&P,positive,0.6
2023-07-27,"Zuck's ""Year of Efficiency""",S&P,positive,0.5
2023-07-27,Investing 101: The WSB Way,S&P,positive,0.689
2023-07-27,Sold my 8 shares of MSFT and bought 30 more AMZN shares! My first 100+ share stock!,"AMZN, MSFT",positive,0.83
2023-07-27,The Yolo Manifesto: I will gamble till I‚Äôm a millionaire,S&P,positive,0.862
2023-07-27,.,S&P,error,2.0
2023-07-27,Nice,S&P,positive,0.9
2023-07-27,Final $DISH Post (Copium + Loss Porn),DISH,negative,-0.5
2023-07-27,"Daily Discussion Thread for July 27, 2023",S&P,positive,0.5
2023-07-27,"$F Earnings Play | 15K FD Puts @ 13.00 Strike | Short 14,400 Shares",S&P,negative,-0.243
2023-07-27,Have the stock market priced this in ? üòÇ,S&P,neutral,0.0
2023-07-27,Tesla‚Äôs secret team to suppress thousands of driving range complaints,S&P,negative,-0.85
2023-07-27,Meta paid off again !!! Let‚Äôs see how these print.,S&P,positive,0.5
2023-07-27,QS... it's this finally it?,QS,negative,-0.295
2023-07-27,üö®üö®üö®Breakingüö®üö®üö® : JPOW comments after FOMC data drops,S&P,negative,-0.248
2023-07-27,RIP $DISH GUY,DISH,negative,-0.25
2023-07-27,RIP,S&P,negative,-0.625
2023-07-27,Drivers In The Southwest Are Learning Electric Cars Don‚Äôt Like It Hot,S&P,negative,-0.354
2023-07-27,I was up over 17k and then I found options ü§åüèΩ,S&P,positive,0.424
2023-07-27,Really I couldn‚Äôt have lost 3 more cents today‚Ä¶,S&P,negative,-0.286
2023-07-27,Some people here should not be trading at all or ever again.,S&P,negative,-0.536
2023-07-27,Finest Spanish WSB Regards,S&P,positive,0.2
2023-07-27,Mitch be peepin the earnings calls,S&P,neutral,0.0
2023-07-27,Cheapest S&P puts since 2008,S&P,negative,-0.75
2023-07-27,I made nearly 100k in 2 days. Please help me stop gambling,S&P,positive,0.421
2023-07-27,"U.S. Q2 GDP surges past consensus, helped by business spending",S&P,positive,0.482
2023-07-27,SPY 0dte Is For Chads,S&P,negative,-0.375
2023-07-27,This kind of makes up for $DISH - 1DTE SPX,DISH,positive,0.25
2023-07-27,Global Central Banks Update,S&P,positive,0.5
2023-07-27,"Today, the Dow is poised to accomplish a feat it hasn‚Äôt achieved since 1897",S&P,positive,0.223
2023-07-27,NVDA 465P 7/28,NVDA,neutral,0.0
2023-07-27,"US economic growth accelerated in 2nd quarter, exceeding expectations and quieting recession fears",S&P,positive,0.917
2023-07-27,Nobody Cares,S&P,negative,-1.0
2023-07-27,Relax,S&P,positive,0.5
2023-07-27,Meta is 3/4ths of the way to pulling an Elon,S&P,positive,0.667
2023-07-27,GameStop CFO to quit in second top executive exit in two months.,S&P,negative,-0.286
2023-07-27,Roblox YOLO gone wrong,S&P,negative,-0.777
2023-07-27,Looks like a 2005-2007 redux happening,S&P,negative,-0.3
2023-07-27,Summary of major players in AI chips this earnings season,S&P,neutral,0.0
2023-07-27,Sunset on the solar bubble - ENPH FSLR puts,"ENPH, FSLR",positive,0.287
2023-07-27,$PGY,PGY,negative,0.0
2023-07-27,DD for bull market: the 1ncehost indicator,DD,Positive,0.362
2023-07-27,Netflix Makes Terrible Shows,S&P,negative,-0.452
2023-07-27,"I gave you the Microsoft dip, then the Meta skyrocket, my next play is Intel earnings tomorrow üòà",S&P,positive,0.323
2023-07-27,Tech earnings this week,S&P,neutral,0.0
2023-07-27,Time to buy leaps on US Steel $X,S&P,positive,0.2
2023-07-27,First one is always free ü•≤,S&P,positive,0.25
2023-07-27,Japan Yield Curve Control Band Change & Its impact on Credit Markets (Stonks Can Only Go Down) Afterwards.,S&P,negative,-0.571
2023-07-27,This is what happens when you bet against AMERICA,S&P,negative,-0.537
2023-07-27,Planning for CF's Earnings Report: A Tactical Approach,CF,positive,0.286
2023-07-27,Citi to Track UK Office Attendance to Identify Hybrid Holdouts,S&P,negative,-0.357
2023-07-27,Due Diligence on Lumentum Holdings Inc. (LITE) - Potential Supplier for Apple‚Äôs AR Headset,"AR, LITE",positive,0.4
2023-07-27,The AI Bubble has officially popped if Dhar Mann is beginning to talk about it. You will instantly regret buying calls.,S&P,negative,-0.8
2023-07-27,$DISH GUYS GET SOME SLEEP,DISH,negative,-1.0
2023-07-27,US economy defies recession fears with strong second-quarter performance ‚Äî Reuters,S&P,positive,0.51
2023-07-27,Best short positions for Ghey Bears RN?,S&P,negative,-0.937
2023-07-27,Scam in the ongoing Apellis saga?,S&P,negative,-0.292
2023-07-27,Are the Markets trying to Anticipate a Growth Economy trend? ü§î,S&P,neutral,0.0
2023-07-27,Rocket Mortgage RKT set for liftoff? üöÄ,RKT,positive,0.8
2023-07-27,"Long time lurker, first time betting. Waiting for INTC earning call tomorrow",INTC,positive,0.2
2023-07-27,"Better apply to Wendys, cause you're dishwashed",S&P,negative,-0.6
2023-07-27,I‚Äôm so fucking smart,S&P,positive,0.8
2023-07-27,"The US economy grew stronger than expected in the second quarter, but consumers are pulling back",S&P,positive,0.476
2023-07-27,Cramer‚Äôs Lightning Round: Move on from Rocket Lab [Should I go jacked to the tits on RKLB calls?],RKLB,negative,-0.781
2023-07-27,SPY vs SPXL?,S&P,neutral,0.0
2023-07-27,New SEC rules put a time limit on reporting hacks and data breaches,S&P,negative,-0.2
2023-07-27,"Inverse Cramer Strikes Again. $META crushes it. 8 Months Ago Jim Cramer gave a tearful apology for recommending Meta, today it's up 3X.",META,positive,0.3
2023-07-27,Printing Cash with VIX Calls,S&P,negative,-0.117
2023-07-27,YOLO - 200 contracts / $BABA $98 Calls / Aug 04 2023 Expiration / ~$48k cost basis - wish me luck fellow regards,BABA,positive,0.125
2023-07-27,"What Are Your Moves Tomorrow, July 27, 2023",S&P,neutral,0.0
2023-07-27,What do you guys think about the Maverick of Wall Street?,S&P,neutral,0.0
2023-07-27,$HOOD Breakout Alert,HOOD,positive,0.5
2023-07-27,YOLO'd the entire mortgage FOMC week (After Market Wednesday UPDATE!),S&P,negative,-0.4
2023-07-27,Puts on $NYT,NYT,positive,0.161
2023-07-27,DiSH guy was right - Amazon Prime Deal,S&P,positive,0.347
2023-07-27,"CEO of the most popular AI company in the world - Open AI, has now launched a eyeball scanning shit-coin",S&P,negative,-0.9
2023-07-27,Why is DISH crumbling?,DISH,negative,-0.385
2023-07-27,Why not wheel?,S&P,neutral,0.0
2023-07-27,"Axos bank - maybe pending Trump loan defaults, so short em?",S&P,negative,-0.5
2023-07-27,Reminder that YOLOs don‚Äôt work and WSB doesn‚Äôt give the best advice,S&P,negative,-0.769
2023-07-28,"Daily Discussion Thread for July 28, 2023",S&P,positive,0.4
2023-07-28,"Most Anticipated Earnings Releases for the week beginning July 31st, 2023",S&P,positive,0.5
2023-07-28,"Fuck Cathie, fuck Jerome, fuck Congressional insider trading, fuck passive investing, fuck risk tolerance and fuck $Dish Guy",S&P,negative,-1.0
2023-07-28,No longer forcasting a recession,S&P,positive,0.704
2023-07-28,$32k gain - July was good to me,S&P,positive,0.8
2023-07-28,"Manager at a PA Wendy's invented a fake employee and pocketed wages of $20,000",S&P,negative,-0.877
2023-07-28,SPY Go Brrr,S&P,negative,-0.2
2023-07-28,Inflation is under control now!,S&P,positive,0.618
2023-07-28,Of course I bought F calls,S&P,positive,0.306
2023-07-28,10k loss on SPY,S&P,negative,-0.5
2023-07-28,whenever i think about doing options,S&P,negative,-0.5
2023-07-28,"Fuck Cathie Wood, fuck j pow, fuck pelosi, fuck biden, fuck the illuminati and fuck the $dish guy",S&P,negative,-0.935
2023-07-28,"üìâ Loss Porn Love üìà Let's Support All YOLOs, Big or Small! üöÄ",S&P,positive,0.4
2023-07-28,Bullish!,S&P,positive,1.0
2023-07-28,Tupper-where?,S&P,negative,0.0
